epoch,accuracy,keyword_precision,keyword_recall,learning_rate,loss,val_accuracy,val_keyword_precision,val_keyword_recall,val_loss
0,0.9026169180870056,0.6851211190223694,0.4714285731315613,0.0010000000474974513,0.6112827658653259,0.960873544216156,0.8055555820465088,0.8787878751754761,0.1437271684408188
1,0.9474474191665649,0.7956403493881226,0.6952381134033203,0.0010000000474974513,0.3785264194011688,0.9508644342422485,1.0,0.5555555820465088,0.12025747448205948
2,0.9540969729423523,0.8165374398231506,0.7523809671401978,0.0010000000474974513,0.2984726130962372,0.9663330316543579,0.9368420839309692,0.8989899158477783,0.11498146504163742
3,0.9588159322738647,0.8151658773422241,0.8190476298332214,0.0010000000474974513,0.25939610600471497,0.9353958368301392,1.0,0.35353535413742065,0.17510589957237244
4,0.9658944606781006,0.8644067645072937,0.8500000238418579,0.0010000000474974513,0.2491799145936966,0.9617834687232971,1.0,0.747474730014801,0.11253862828016281
5,0.9641784429550171,0.856796145439148,0.8404762148857117,0.0010000000474974513,0.23331858217716217,0.960873544216156,1.0,0.6666666865348816,0.10640497505664825
6,0.9695409536361694,0.8767772316932678,0.8809523582458496,0.0010000000474974513,0.20988322794437408,0.9654231071472168,1.0,0.6969696879386902,0.1142573133111
7,0.9667524695396423,0.8677884340286255,0.8595238327980042,0.0010000000474974513,0.23413816094398499,0.9708825945854187,0.949999988079071,0.9595959782600403,0.09142908453941345
8,0.9716859459877014,0.8830549120903015,0.8809523582458496,0.0010000000474974513,0.1879229098558426,0.9517743587493896,1.0,0.8181818127632141,0.09903743863105774
9,0.9729729890823364,0.8912529349327087,0.8976190686225891,0.0010000000474974513,0.1787661463022232,0.9699727296829224,0.9791666865348816,0.9494949579238892,0.08475619554519653
10,0.9729729890823364,0.8958837985992432,0.8809523582458496,0.0010000000474974513,0.16973429918289185,0.9399453997612,0.756302535533905,0.9090909361839294,0.12270475178956985
11,0.976190447807312,0.9144254326820374,0.8904761672019958,0.0010000000474974513,0.14565011858940125,0.9426751732826233,1.0,0.6363636255264282,0.1304321587085724
12,0.9729729890823364,0.9077306985855103,0.8666666746139526,0.0010000000474974513,0.18732859194278717,0.9854413270950317,0.9603960514068604,0.9797979593276978,0.05844440311193466
13,0.9802659749984741,0.9158878326416016,0.9333333373069763,0.0010000000474974513,0.14609521627426147,0.9808917045593262,1.0,0.8585858345031738,0.06467294692993164
14,0.9781209826469421,0.9112709760665894,0.9047619104385376,0.0010000000474974513,0.14737103879451752,0.9745222926139832,0.8971962332725525,0.9696969985961914,0.06852322816848755
15,0.9785499572753906,0.9264705777168274,0.8999999761581421,0.0010000000474974513,0.14728203415870667,0.9727024435997009,0.9560439586639404,0.8787878751754761,0.07960890978574753
16,0.9746889472007751,0.8902148008346558,0.8880952596664429,0.0010000000474974513,0.14855940639972687,0.9781619906425476,0.967391312122345,0.8989899158477783,0.0540921650826931
17,0.9806950092315674,0.9156908392906189,0.9309523701667786,0.0010000000474974513,0.13317595422267914,0.9772520661354065,1.0,0.8282828330993652,0.06948839128017426
18,0.9804804921150208,0.9330024719238281,0.8952381014823914,0.0010000000474974513,0.15003575384616852,0.960873544216156,0.9772727489471436,0.868686854839325,0.09708400070667267
19,0.9832689762115479,0.9331742525100708,0.9309523701667786,0.0010000000474974513,0.11918596178293228,0.9663330316543579,1.0,0.8787878751754761,0.07915613055229187
20,0.9798370003700256,0.9230769276618958,0.9142857193946838,0.0010000000474974513,0.1301833689212799,0.9818016290664673,0.9313725233078003,0.9595959782600403,0.055418673902750015
21,0.9869154691696167,0.9633252024650574,0.938095211982727,0.0010000000474974513,0.09042855352163315,0.9626933336257935,1.0,0.9090909361839294,0.09605402499437332
22,0.9834834933280945,0.9394673109054565,0.9238095283508301,0.0010000000474974513,0.1290115863084793,0.9717925190925598,0.9375,0.9090909361839294,0.07250674813985825
23,0.9804804921150208,0.9251207709312439,0.9119047522544861,0.0010000000474974513,0.12340227514505386,0.9636032581329346,1.0,0.7676767706871033,0.10349982231855392
24,0.9832689762115479,0.9399038553237915,0.9309523701667786,0.0010000000474974513,0.12265103310346603,0.973612368106842,0.969072163105011,0.9494949579238892,0.06310191005468369
25,0.9843415021896362,0.9376499056816101,0.9309523701667786,0.0010000000474974513,0.10113272815942764,0.9717925190925598,1.0,0.8585858345031738,0.0737285390496254
26,0.9856284856796265,0.9564164876937866,0.9404761791229248,0.0010000000474974513,0.09678050875663757,0.9808917045593262,0.9780219793319702,0.8989899158477783,0.05885203182697296
27,0.9862719774246216,0.9519230723381042,0.9428571462631226,0.0010000000474974513,0.09829675406217575,0.9626933336257935,1.0,0.8282828330993652,0.10658320039510727
28,0.9907764792442322,0.9759615659713745,0.9666666388511658,0.0010000000474974513,0.06424512714147568,0.9818016290664673,1.0,0.939393937587738,0.04922126606106758
29,0.9856284856796265,0.940617561340332,0.9428571462631226,0.0010000000474974513,0.08825498819351196,0.9799817800521851,1.0,0.9191918969154358,0.061779506504535675
30,0.9800514578819275,0.9784946441650391,0.8666666746139526,9.999999747378752e-05,0.18039250373840332,0.9863512516021729,0.9700000286102295,0.9797979593276978,0.04778645932674408
31,0.9854139685630798,0.9682151675224304,0.9428571462631226,9.999999747378752e-05,0.08965080231428146,0.9836214780807495,0.9333333373069763,0.9898989796638489,0.046738460659980774
32,0.9864864945411682,0.9659367203712463,0.9452381134033203,9.999999747378752e-05,0.07713781297206879,0.9863512516021729,0.9607843160629272,0.9898989796638489,0.037993188947439194
33,0.9875589609146118,0.9802955389022827,0.9476190209388733,9.999999747378752e-05,0.07978639751672745,0.9854413270950317,0.9607843160629272,0.9898989796638489,0.0387992225587368
34,0.9869154691696167,0.975062370300293,0.9309523701667786,9.999999747378752e-05,0.09253258258104324,0.9918107390403748,0.9607843160629272,0.9898989796638489,0.037849608808755875
35,0.9894894957542419,0.9712918400764465,0.9666666388511658,9.999999747378752e-05,0.06500373035669327,0.9909008145332336,0.9607843160629272,0.9898989796638489,0.03849333897233009
36,0.9882025122642517,0.9876847267150879,0.9547619223594666,9.999999747378752e-05,0.06483830511569977,0.9863512516021729,0.9514563083648682,0.9898989796638489,0.038209881633520126
37,0.9901329874992371,0.9738717079162598,0.976190447807312,9.999999747378752e-05,0.060238856822252274,0.9927206635475159,0.9607843160629272,0.9898989796638489,0.03704008832573891
38,0.9909909963607788,0.9901477694511414,0.9571428298950195,9.999999747378752e-05,0.06700412929058075,0.9927206635475159,0.9607843160629272,0.9898989796638489,0.03301621228456497
39,0.9907764792442322,0.9830508232116699,0.9666666388511658,9.999999747378752e-05,0.0670614093542099,0.9918107390403748,0.9514563083648682,0.9898989796638489,0.034162040799856186
40,0.9886314868927002,0.9733009934425354,0.9547619223594666,9.999999747378752e-05,0.07470422238111496,0.9918107390403748,0.9514563083648682,0.9898989796638489,0.03721008449792862
41,0.9912055134773254,0.983132541179657,0.9714285731315613,9.999999747378752e-05,0.06483707576990128,0.9899908900260925,0.9245283007621765,0.9898989796638489,0.0362454429268837
42,0.9907764792442322,0.9902439117431641,0.9666666388511658,9.999999747378752e-05,0.062374141067266464,0.993630588054657,0.9607843160629272,0.9898989796638489,0.03220511972904205
43,0.9894894957542419,0.9783132672309875,0.9666666388511658,9.999999747378752e-05,0.061214715242385864,0.9945405125617981,0.9897959232330322,0.9797979593276978,0.02976343035697937
44,0.9912055134773254,0.9829268455505371,0.9595237970352173,9.999999747378752e-05,0.05652112886309624,0.993630588054657,0.9607843160629272,0.9898989796638489,0.030411293730139732
45,0.9909909963607788,0.9900990128517151,0.9523809552192688,9.999999747378752e-06,0.0644989162683487,0.9909008145332336,0.9333333373069763,0.9898989796638489,0.03326892852783203
46,0.9929214715957642,0.9975308775901794,0.961904764175415,9.999999747378752e-06,0.051574982702732086,0.9954504370689392,0.9897959232330322,0.9797979593276978,0.029177512973546982
47,0.9920634627342224,0.9902439117431641,0.9666666388511658,9.999999747378752e-06,0.0585247203707695,0.993630588054657,0.9607843160629272,0.9898989796638489,0.02965661883354187
48,0.9924924969673157,0.9878345727920532,0.9666666388511658,9.999999747378752e-06,0.048957157880067825,0.993630588054657,0.9607843160629272,0.9898989796638489,0.029990531504154205
49,0.9899184703826904,0.9900497794151306,0.9476190209388733,9.999999747378752e-06,0.06078562140464783,0.9927206635475159,0.9603960514068604,0.9797979593276978,0.029370669275522232
50,0.9924924969673157,0.9926470518112183,0.9642857313156128,9.999999747378752e-06,0.054994769394397736,0.993630588054657,0.9607843160629272,0.9898989796638489,0.0324058011174202
51,0.9907764792442322,0.9830917716026306,0.9690476059913635,9.999999747378752e-06,0.057067085057497025,0.9899908900260925,0.942307710647583,0.9898989796638489,0.03139137476682663
52,0.9899184703826904,0.9828431606292725,0.9547619223594666,9.999999747378752e-06,0.06694845855236053,0.9909008145332336,0.9333333373069763,0.9898989796638489,0.03227255120873451
53,0.992277979850769,0.9832134246826172,0.976190447807312,9.999999747378752e-06,0.05084851011633873,0.993630588054657,0.9607843160629272,0.9898989796638489,0.029783185571432114
54,0.9905619621276855,0.9878345727920532,0.9666666388511658,9.999999747378752e-06,0.05989356338977814,0.9918107390403748,0.9607843160629272,0.9898989796638489,0.029354417696595192
55,0.9909909963607788,0.9878345727920532,0.9666666388511658,9.999999747378752e-06,0.050427645444869995,0.9909008145332336,0.9333333373069763,0.9898989796638489,0.033520374447107315
56,0.9909909963607788,0.9760765433311462,0.9714285731315613,9.999999747378752e-06,0.05894939601421356,0.9899908900260925,0.942307710647583,0.9898989796638489,0.031106628477573395
57,0.9909909963607788,0.9830917716026306,0.9690476059913635,9.999999747378752e-06,0.04986529052257538,0.9918107390403748,0.942307710647583,0.9898989796638489,0.03264395147562027
58,0.9905619621276855,0.9805352687835693,0.9595237970352173,9.999999747378752e-06,0.06494198739528656,0.9918107390403748,0.942307710647583,0.9898989796638489,0.03238953649997711
59,0.9909909963607788,0.9926650524139404,0.9666666388511658,9.999999747378752e-06,0.05597921460866928,0.9909008145332336,0.9333333373069763,0.9898989796638489,0.031597837805747986
